{
  "01-Onryoki": [
    10218.3916015625,
    100.99808502197266,
    34496.76953125
  ],
  "02-HinoEnma": [
    -1679.560791015625,
    -6062.107421875,
    13557.8134765625
  ],
  "03-Nue": [
    26452.796875,
    10009.0,
    14557.0185546875
  ],
  "04-Tachibana": [
    58255.0390625,
    6704.7265625,
    14390.3544921875
  ],
  "05-Centipede": [
    12278.4541015625,
    1064.1151123046875,
    16043.3935546875
  ],
  "06-UmiBozu": [
    9467.115234375,
    1000.0,
    17155.46484375
  ],
  "09-YukiOnna": [
    14721.193359375,
    1107.3009033203125,
    15496.7822265625
  ],
  "10-WhiteTiger": [
    15150.267578125,
    4602.009765625,
    25360.00390625
  ],
  "12-GiantToad": [
    22519.296875,
    -1000.0,
    13406.2177734375
  ],
  "13-Ogress": [
    10905.505859375,
    1031.6434326171875,
    21450.333984375
  ],
  "14-HondaTadakatsu": [
    18028.060546875,
    201.4444122314453,
    4395.95654296875
  ],
  "15-SaikaMagoichi": [
    16056.6826171875,
    4152.5,
    12669.5615234375
  ],
  "16-Yoshi": [
    15829.947265625,
    788.2073974609375,
    24654.439453125
  ],
  "18-Mitsunari": [
    3856.998779296875,
    4500.0,
    30776.294921875
  ],
  "20-01-Yokais": [
    16843.41796875,
    3420.09228515625,
    23865.15234375
  ],
  "20-02-OdaNobunaga": [
    21256.978515625,
    12901.40625,
    11732.146484375
  ]
}
